A2M	0.0552840018431
ABAT	0.0369140881013
ABCA1	0.115723567452
ABCA2	0.0858431402735
ABCA7	0.369254121984
ABCB1	0.0384504601813
ABCB11	0.0119504694122
ABCC1	0.027821269447
ABCC2	0.0212156990399
ABCC4	0.0180378034618
ABCC9	0.0243924301126
ABCD1	0.0124714299682
ABCD2	0.00957131474068
ABCG1	0.0434915325389
ABCG2	0.0396120625669
ABI3	0.187007619365
ABL1	0.121677648843
ACAT1	0.0144516528838
ACD	0.0418846585561
ACE	0.0552243197792
ACE2	0.0423597462186
ACHE	0.464053312322
ACKR1	0.0437991992668
ACKR3	0.0428257444645
ACO1	0.0984611672538
ACR	0.0125775855641
ACSL6	0.113617031382
ACSM3	0.022494405564
ACTA2	0.017984202983
ACTB	0.0281681884071
ACTBL2	0.0752243749658
ADA	0.0253717171576
ADAM10	0.378267621135
ADAM12	0.0587644828054
ADAM17	0.094279409518
ADAM19	0.042422079887
ADAM30	0.0284018455957
ADAM9	0.044350991719
ADAMTS1	0.0344125052735
ADAMTS12	0.0119844367631
ADAMTS13	0.033909496941
ADAMTS14	0.0115101758365
ADAMTS2	0.0153386972148
ADAMTS3	0.0168664875542
ADAMTS4	0.0288299855141
ADAMTS5	0.0448584081366
ADAP1	0.0283947218205
ADAR	0.0245257511084
ADCY10	0.0280620514057
ADCY8	0.051547512656
ADCYAP1	0.0642888976633
ADD3	0.048650499822
ADGRA2	0.0317505806755
ADH1B	0.0361938460859
ADI1	0.0219724761513
ADNP	0.0326142648213
ADORA1	0.0793270999086
ADORA2A	0.094135739348
ADORA2B	0.0882759761498
ADRA1A	0.378031269076
ADRA1B	0.380325486955
ADRA1D	0.377897135257
ADRA2A	0.275497670832
ADRA2C	0.274136384169
ADRB1	0.383227804775
ADRB2	0.383339509816
ADRB3	0.383601945088
AEBP1	0.0324327403158
AES	0.0374262813836
AFF1	0.0171372808229
AGER	0.0433827712176
AGFG1	0.01915939241
AGO2	0.0191134370851
AGPAT5	0.087042201413
AGRN	0.0499954833849
AGT	0.043564086356
AGTR1	0.0755392635792
AGTR2	0.0450999529888
AGXT	0.0191773235519
AHCYL1	0.0796997313094
AHNAK	0.152500300352
AHSG	0.0343013629316
AICDA	0.0825986298036
AIFM1	0.0346491892491
AIMP1	0.0289002060533
AK5	0.0169160532298
AKAP5	0.0851158274503
AKAP6	0.0433940237918
AKAP9	0.047418212241
AKR1B1	0.0199939740764
AKR7A2	0.0746811488947
AKR7A3	0.128819210046
AKT1	0.0496600798095
ALB	0.0656234111804
ALDH18A1	0.0201382698146
ALDH1A2	0.0231145443926
ALDH2	0.0442402337276
ALDH4A1	0.0269385160255
ALDH5A1	0.277764908132
ALG1	0.0240140015067
ALK	0.0265429122117
ALOX12	0.0869587761468
ALOX15	0.0467008992063
ALOX5	0.0436678933519
ALOX5AP	0.0346468531008
ALS2	0.0224220647735
AMD1	0.027176215479
AMFR	0.0327038122243
AMH	0.0164685870518
AMOTL1	0.0205491217377
AMPH	0.0597949802826
AMT	0.021514224861
ANG	0.0331511617819
ANGPT1	0.0384764002192
ANGPT4	0.115203912079
ANK1	0.0340951821274
ANK3	0.129537715133
ANLN	0.013667129431
ANP32A	0.0364837788231
ANPEP	0.0249973679373
ANTXR2	0.0187028131874
ANXA1	0.0480153159877
ANXA10	0.0532031333771
ANXA2	0.0323352164636
ANXA3	0.0142991898713
ANXA5	0.0343624545525
ANXA6	0.0410910227852
ANXA7	0.0315143304428
AOC3	0.0280512314193
AOX1	0.0938251202324
AP2A2	0.113985413038
AP4M1	0.0166101977691
APBA1	0.120232550015
APBA2	0.115362950002
APBA3	0.12778011942
APBB1	0.0874951650645
APBB2	0.171117163932
APBB3	0.137381650118
APCS	0.0652399935783
APEH	0.0318586060841
APEX1	0.0342523356021
APH1B	0.418817875387
APLNR	0.0390869891669
APLP1	0.0651281710814
APLP2	0.0909696028046
APMAP	0.031780611794
APOA1	0.0600530947356
APOA2	0.0453515900103
APOA4	0.0624804965791
APOA5	0.0609468485824
APOB	0.043392477189
APOBEC3D	0.0110528105386
APOBEC3G	0.0200608057848
APOC2	0.126949492321
APOC3	0.0572693794405
APOD	0.0560706780795
APOE	0.39487359802
APP	0.385105302646
APPL1	0.0345633690403
AQP1	0.0437973827925
AQP4	0.0523235001413
AR	0.0526539978035
ARAP2	0.0116905733889
ARC	0.0265776275799
ARCN1	0.0697159176062
ARHGAP12	0.0728723778964
ARHGAP20	0.0168704002072
ARHGEF10	0.0141957707533
ARHGEF15	0.03135269845
ARID1B	0.0264756242197
ARID3A	0.028679073105
ARID3B	0.0321151865441
ARIH1	0.0922190336685
ARNTL	0.0391641068044
ARNTL2	0.0552740214293
ARPP19	0.0336869492266
ARRB2	0.0226598081603
ARSA	0.0158534205197
ARVCF	0.104713783914
ASAH1	0.0212175864015
ASAP2	0.0367685645091
ASPA	0.0155126889902
ATF2	0.0486184955956
ATF3	0.044308407087
ATF4	0.0502917992746
ATF6	0.0581148637702
ATF7IP	0.0239463759445
ATG4C	0.0167224306798
ATG5	0.0233233591105
ATIC	0.0154600757487
ATM	0.126610653057
ATMIN	0.0888139909423
ATP13A2	0.0208010044864
ATP1A3	0.0404779762155
ATP1B1	0.0375383997857
ATP2B1	0.108186558893
ATP4A	0.0634360442097
ATP4B	0.062757720943
ATP5F1C	0.15790334457
ATP5PD	0.0214399039767
ATP6AP2	0.0290095623329
ATP6V0C	0.026913547342
ATP6V0E2	0.0778986226773
ATP6V1B2	0.0220587093197
ATP6V1C1	0.0306893728071
ATP6V1G2	0.0176521717084
ATP7A	0.0620992048241
ATP7B	0.0916628029763
ATP8B4	0.00556740684344
ATRIP	0.02081932741
ATRNL1	0.0403972875013
ATXN1	0.0245684320744
ATXN2	0.0427564364383
ATXN3	0.0306479842778
AVP	0.059089578541
AZIN2	0.0391919993804
B2M	0.0419200370513
B3GALT2	0.0799269297229
B3GALT6	0.0262434397026
B3GNT3	0.00579765125755
BACE1	0.413210678667
BACE2	0.2752729291
BAG2	0.0223356813243
BAG3	0.0299298437931
BAIAP2	0.023553436897
BAX	0.050986689035
BCAP29	0.0144466893354
BCHE	0.395041188935
BCL2A1	0.0388141782874
BCL6	0.0483827863741
BCL9	0.0939587514376
BDH1	0.0104304760623
BDKRB1	0.0439024050946
BDNF	0.0777209139035
BECN1	0.0372752754627
BET1L	0.0126342777602
BGLAP	0.029663916855
BGN	0.0262072551147
BHLHE40	0.0321886491008
BID	0.0332449098643
BIK	0.0207315142935
BIN1	0.294528001142
BIRC3	0.0329479788437
BLK	0.0364538687182
BLM	0.0287129714137
BLMH	0.0330390143987
BLOC1S3	0.0145294760472
BLVRA	0.0446217027871
BMP2	0.0272193421043
BMP4	0.0289755392555
BMP6	0.027160912906
BMP7	0.0198442742661
BMPER	0.0501445942995
BNIP2	0.0387226547455
BPTF	0.0270827884348
BRAF	0.0307739080406
BRAP	0.040085411656
BRCA1	0.0386724142962
BRD3	0.00953076090751
BRD4	0.0168689827915
BRDT	0.0146636048585
BSG	0.120298538036
BZW2	0.0291342472341
C1QB	0.0285709019753
C1QC	0.0268792779286
C1S	0.0258098605804
C3	0.0519454538173
C3AR1	0.048135546604
C4A	0.0685033086463
C4B	0.037725795628
C4BPA	0.0371321888244
C5AR1	0.0502189010117
C9orf72	0.0777701684157
CA2	0.0313185262478
CA4	0.0506948138617
CABIN1	0.0455812614472
CABP1	0.139021151167
CACNA1A	0.436745011375
CACNA1B	0.516362776644
CACNA1C	0.467811104592
CACNA1D	0.473972028973
CACNA1E	0.603015465399
CACNA1F	0.635880379929
CACNA1G	0.564019200257
CACNA1H	0.569941237982
CACNA1I	0.536908920251
CACNA1S	0.481224407183
CACNA2D1	0.523823042396
CACNA2D2	0.448757439009
CACNA2D3	0.421718473908
CACNA2D4	0.521536785582
CACNB1	0.526263709771
CACNB2	0.522335199535
CACNB3	0.522335199535
CACNB4	0.524123524411
CACNG1	0.523951629742
CACNG2	0.51670329649
CACNG3	0.524223728518
CACNG4	0.488646750563
CACNG5	0.480744651919
CACNG6	0.519748081432
CACNG7	0.531408951673
CACNG8	0.524223728518
CACYBP	0.0372864769453
CADM1	0.0937116691783
CADM2	0.131415701989
CALB1	0.0476512618078
CALCA	0.0639187443571
CALCOCO2	0.0342464656824
CALCR	0.0797789616701
CALD1	0.0289196832995
CALM2	0.0306133844555
CALM3	0.022464290634
CALML5	0.0847777974647
CALR	0.0594233589763
CALY	0.0341448644194
CAMK2A	0.123837351194
CAMK2G	0.128974125636
CAMK4	0.0470417756493
CAMKK2	0.0373500772271
CAPN1	0.399870823103
CAPN2	0.414305225344
CAPN6	0.0157421937649
CAPNS1	0.411510497501
CAPZB	0.0249992367638
CARD8	0.036345450548
CARMIL1	0.0356350607324
CASP1	0.051324750641
CASP2	0.0382397556494
CASP3	0.0541452212281
CASP4	0.0807851217644
CASP5	0.0201975864753
CASP6	0.071671348866
CASP7	0.0305088129837
CASP8	0.0384378160039
CASP9	0.0400926512281
CASR	0.0540043551566
CAST	0.43299465126
CAT	0.0517840340928
CAV1	0.0508062078787
CAV3	0.0389291499359
CBFA2T2	0.0312113820665
CBL	0.0335291487747
CBR1	0.02542057165
CBS	0.0876330562297
CBX1	0.0197561218744
CCAR1	0.012277055761
CCDC88A	0.0395253259481
CCHCR1	0.00616250959726
CCK	0.0568077348338
CCL11	0.0627089345909
CCL17	0.0483519325076
CCL2	0.0737539233409
CCL20	0.043344393927
CCL21	0.0419042257347
CCL28	0.041951732458
CCM2	0.0305986424977
CCNA2	0.0379862848455
CCNC	0.0325655114682
CCNG1	0.0687375495429
CCNT1	0.018767097945
CCNY	0.0236865771303
CCR1	0.0517458324668
CCR2	0.0518844610718
CCR3	0.0538743974261
CCR4	0.0421400760263
CCR5	0.0565889189234
CCR6	0.0458327545713
CCR8	0.0419604746924
CCRL2	0.0457421456189
CCS	0.0315678520479
CCT4	0.0181675708482
CCT5	0.0180617393081
CCZ1B	0.0886300750812
CD14	0.0489009054838
CD163	0.0569712520077
CD19	0.0376228906866
CD200	0.0508008714038
CD200R1	0.0458166239567
CD27	0.027279592775
CD274	0.0356363491758
CD28	0.0327024779325
CD2AP	0.209678726636
CD320	0.0334130518355
CD33	0.172341646363
CD34	0.0415012182746
CD36	0.0466989301001
CD38	0.0367369752157
CD3D	0.0436875513099
CD4	0.0358559195593
CD40	0.042906263213
CD40LG	0.0491671751527
CD44	0.0489467557935
CD47	0.0281984360196
CD55	0.0832874689455
CD59	0.0311073866525
CD69	0.0417770824196
CD7	0.0172535441788
CD74	0.0289267523837
CD80	0.0333648045478
CD86	0.0333933994466
CD93	0.0261484152094
CDA	0.0194125674573
CDC25A	0.361436778387
CDC25B	0.385928988556
CDC25C	0.384770857462
CDC42	0.0272589011272
CDC42BPB	0.0130811257821
CDC42EP3	0.0272029467492
CDC5L	0.0669724704578
CDCA7L	0.0874953297563
CDH1	0.125252861047
CDH13	0.104334796777
CDH2	0.0517076459306
CDH23	0.0124471394094
CDH6	0.0995742876362
CDH7	0.0971153691986
CDH8	0.0897031867331
CDK1	0.0410580065682
CDK10	0.0288156576752
CDK2	0.0285773508164
CDK20	0.0139355636893
CDK4	0.0405291726114
CDK5	0.400301715714
CDK5R1	0.399402197644
CDK5RAP2	0.0291381384622
CDK7	0.0408916475249
CDK9	0.0300030953515
CDKAL1	0.0864443234917
CDKN1A	0.0421276309893
CDKN2B	0.0366719802922
CDON	0.0443430969308
CDS1	0.0278998223905
CEBPA	0.0369259610348
CEBPB	0.0352115535449
CEBPD	0.0409829352156
CEBPZ	0.038140161318
CELF1	0.137331295136
CENPF	0.00740775313981
CENPJ	0.0207679688282
CEP63	0.0904253497507
CERS2	0.0215738721147
CES1	0.0277176054089
CETP	0.0499993232781
CFD	0.0488637873035
CFH	0.0556193597501
CFI	0.0722624683045
CFL1	0.0328381800593
CFLAR	0.0315714631762
CFP	0.0254816866831
CFTR	0.0422263925245
CH25H	0.023705058344
CHAF1A	0.0289066201786
CHAT	0.112325159441
CHGA	0.0494170664719
CHIT1	0.0105033518845
CHKA	0.0741929523573
CHL1	0.0490585092271
CHM	0.0174995329644
CHMP2B	0.0384678812407
CHMP6	0.0633987401575
CHN2	0.077071553056
CHP1	0.0207406406002
CHRM1	0.074366769009
CHRM2	0.0982163513606
CHRM3	0.0418704533986
CHRM4	0.0424262354435
CHRM5	0.0449284204392
CHRNA2	0.18199098119
CHRNA3	0.166203637578
CHRNA4	0.483300739582
CHRNA5	0.253012782265
CHRNA6	0.25493427657
CHRNA7	0.488411394542
CHRNB1	0.134490587757
CHRNB2	0.488411394542
CHRNB3	0.182622868006
CHRND	0.167244339047
CHRNE	0.173342508548
CIB1	0.0800564679201
CISD2	0.0296924449272
CISH	0.0398359145952
CIT	0.0608198327354
CITED2	0.0748802372594
CIZ1	0.0300990347902
CLCN7	0.0251769985119
CLDN10	0.0137283243957
CLDN18	0.0808401389501
CLIP1	0.020918015725
CLK1	0.0329147043304
CLK2	0.0282659783398
CLN3	0.0392740607124
CLSTN1	0.143531255663
CLU	0.335305696823
CLYBL	0.045628906883
CMTR2	0.0242026916225
CNEP1R1	0.0941617504755
CNR1	0.118363438515
CNR2	0.058818373967
CNTF	0.0437970972161
CNTFR	0.0268576454009
CNTN1	0.105136735534
CNTN2	0.0397983036595
CNTNAP1	0.0371019782221
CNTNAP2	0.113266529843
COASY	0.016751983978
COL12A1	0.111782238635
COL13A1	0.0935841040204
COL17A1	0.0415130026218
COL18A1	0.0974900155937
COL25A1	0.122401528802
COL4A4	0.0859287375401
COL5A2	0.0248231376074
COLQ	0.202546373915
COMT	0.0410690609877
COPA	0.0136920143066
COPE	0.0145474536551
COPZ1	0.0158640561531
COQ2	0.00939426471019
CORO1A	0.021978587831
CORT	0.03823990101
COX8C	0.00932180392445
CP	0.0604854117812
CPE	0.0484248880978
CPLX1	0.0397397021347
CPLX2	0.0220282677881
CPN1	0.0307813064998
CPOX	0.0164604903667
CPS1	0.07923205814
CPSF4	0.0205219626819
CPSF6	0.0651735258776
CR1	0.349237874043
CRACR2A	0.0112821232871
CRADD	0.0247374345117
CRAT	0.0216619466613
CRBN	0.0882714398327
CREB1	0.0427390433501
CREB3	0.0464137277711
CREBBP	0.0407522699202
CREM	0.0558644833443
CRH	0.0743154241381
CRHBP	0.034690189754
CRHR1	0.0476494878064
CRP	0.0472040331613
CRTC1	0.107709028339
CRYAB	0.0132439374622
CRYZ	0.0825098681659
CSF1	0.060904567403
CSF1R	0.0537494744617
CSF2	0.0753930773894
CSF2RA	0.0944284102224
CSF2RB	0.0946825554763
CSF3	0.0467069655936
CSF3R	0.0563923755985
CSN2	0.0354235847655
CSN3	0.0203655971284
CSNK1G3	0.0449673980869
CSNK2A1	0.0896813308154
CST3	0.0758047820193
CST5	0.025417799064
CST7	0.0689147975221
CSTA	0.0317649888597
CSTB	0.0402043308335
CTBP2	0.0206425911451
CTF1	0.0410051440424
CTGF	0.0390430368342
CTHRC1	0.0685999791958
CTLA4	0.0338372238365
CTNNA2	0.0357630577937
CTNNB1	0.0539918291954
CTNNBL1	0.0304534092813
CTNND1	0.0472383939599
CTNND2	0.123923004985
CTSB	0.0680518159632
CTSD	0.0715796888137
CTSF	0.0278128412822
CTSG	0.0505151628061
CTSL	0.0353621230323
CTSS	0.0383911172071
CUL4A	0.0863012021068
CX3CL1	0.0512007138282
CX3CR1	0.0456417972206
CXCL1	0.0504306851609
CXCL10	0.0537581648034
CXCL11	0.0421824733362
CXCL12	0.0549201362135
CXCL5	0.0418280331893
CXCL8	0.0576801116878
CXCL9	0.0384320103534
CXCR1	0.0409418996242
CXCR2	0.0528955061477
CXCR3	0.0530328706136
CXCR4	0.0937515330039
CXCR5	0.0359683305233
CYBA	0.0358370673115
CYBB	0.0339369633916
CYCS	0.0536261225043
CYP17A1	0.0297679842439
CYP1A2	0.0317878835459
CYP24A1	0.132591974004
CYP26B1	0.0920710121833
CYP27A1	0.0184814509906
CYP2C19	0.0406134670483
CYP2C9	0.0322172585189
CYP2D6	0.0466633617919
CYP2E1	0.0308429398509
CYP2J2	0.0470848565115
CYP3A4	0.0378815085504
CYP3A5	0.0231186383427
CYP46A1	0.0355084779299
CYSLTR1	0.109099188663
CYTH4	0.0218969882263
DAB2	0.0343335410128
DAO	0.024685902002
DAOA	0.0751474868178
DAPK1	0.0438386818792
DAXX	0.0295872817394
DBH	0.0476360861453
DBI	0.0323105230626
DBN1	0.0521777012791
DCN	0.050085666006
DCTN1	0.0159714479602
DDB1	0.086325890939
DDIT3	0.048902001443
DDIT4	0.0294946624675
DDX18	0.0711581347087
DDX3Y	0.0215978543235
DDX41	0.0254261223708
DDX58	0.0276650436332
DEK	0.0312774438501
DEPTOR	0.0274894721836
DERL1	0.0432565608279
DES	0.0232076281593
DFFB	0.0222820413154
DGKB	0.0260931722229
DGKH	0.0191140599625
DHCR24	0.0397621512018
DHDDS	0.0180020466164
DHFR	0.0281763109976
DIABLO	0.0270728294702
DIO2	0.0245144371412
DISC1	0.0478167741301
DKK1	0.0316738224642
DKK4	0.0299846125326
DLC1	0.0923866431039
DLD	0.0223705148797
DLG1	0.0733267221668
DLG3	0.118923821884
DLGAP1	0.0738411383591
DLL1	0.0987781868625
DLST	0.031587782143
DLX5	0.091094370805
DMD	0.0190136292361
DMTN	0.0211089064959
DNA2	0.0162739797891
DNAH6	0.0863169121625
DNAJB1	0.025975753788
DNAJB4	0.022413042527
DNAJB6	0.0231821674154
DNAJC5	0.0505153299569
DNASE1	0.0314875478058
DNM1	0.0551091412906
DNM1L	0.0411212166853
DNM2	0.0447598223982
DNMBP	0.0359821652488
DNMT1	0.0346103879451
DNMT3A	0.033464691514
DNMT3B	0.0364835119788
DOCK1	0.0200955575669
DOCK2	0.0370682984865
DOCK3	0.0426463747101
DOCK6	0.013920236682
DOK5	0.0413818678216
DPP10	0.0152995332998
DPP4	0.0480085042496
DPP7	0.0283676917168
DPT	0.0976448665167
DPYS	0.0135361060804
DPYSL2	0.0768931375729
DPYSL3	0.0660599958484
DRD2	0.380356124908
DRD3	0.302984414351
DRD4	0.301638268163
DSG2	0.0262408493593
DSP	0.0199115947705
DST	0.0891906616453
DSTN	0.0155834940176
DTNA	0.0217896913151
DTNBP1	0.0108682825138
DUSP22	0.0495804486414
DUSP6	0.0327353208475
DUT	0.0222181336511
DVL1	0.025428893578
DYNLRB1	0.0132760691754
DYNLRB2	0.0784574526612
DYRK1A	0.0440461493063
DYRK1B	0.0328680710237
DYRK2	0.096719603585
DYSF	0.019878540414
E2F1	0.0388457523451
EBF3	0.0202566749522
ECD	0.0528280714899
ECE1	0.0543670608111
ECI1	0.0302304463815
ECPAS	0.0142224340977
ECSIT	0.0437186409222
EDA	0.0468040615882
EDAR	0.109203926034
EDIL3	0.0213653223777
EDN1	0.0630477382692
EDNRB	0.0532403966988
EED	0.134341964897
EEF2	0.0212733050429
EEF2K	0.0288360567049
EFEMP1	0.0153829171033
EFHD2	0.0258938516608
EFNA5	0.0433987424731
EFNB2	0.0391695260151
EFR3A	0.025549729153
EGF	0.0488663257681
EGFR	0.0431747531122
EGR1	0.040488912828
EGR2	0.0289434621981
EGR3	0.0368460147906
EID1	0.0409206281073
EIF2AK1	0.0333583635805
EIF2AK2	0.0395479107468
EIF2AK3	0.0696253752142
EIF2AK4	0.0394339147935
EIF2S1	0.0267964598085
EIF2S2	0.0559319579393
EIF4E	0.0143795514989
EIF4EBP1	0.0354450707653
ELANE	0.0728544334479
ELAVL2	0.0221289173355
ELMO1	0.0250840347964
ELN	0.0278931396676
ENG	0.0368369191991
ENO1	0.0306345595081
ENO3	0.0144411351211
ENPEP	0.0361908760043
ENPP2	0.0387870677994
ENSA	0.0385346372317
ENTPD5	0.0224677045328
EP300	0.0367060608263
EPB41	0.0267423812162
EPHA1	0.0455574183416
EPHA10	0.0789714569514
EPHB2	0.0443694321154
EPHX1	0.0239375154357
EPHX2	0.0305192721737
EPM2A	0.025245284897
EPN1	0.038757365965
EPO	0.0526160370376
EPOR	0.0370505127329
ERBB2	0.0357446127056
ERC2	0.020120051445
ERCC4	0.0135150883155
ERGIC2	0.0697062414327
ERN1	0.0637781669791
ESD	0.0264289816964
ESR1	0.313278319145
ESR2	0.337045901824
ETS1	0.0411614523102
ETS2	0.0555580517262
ETV1	0.0923158521144
ETV6	0.0304293246126
EXOC3L2	0.0266715424016
EXOC4	0.0269317831475
EXOSC3	0.0141924880363
EYA4	0.0904446862947
F11	0.0567511742007
F12	0.0367706768531
F13A1	0.11683325182
F2	0.052408685507
F2R	0.0533526150118
F2RL1	0.0980085921109
F2RL2	0.0469664920897
F2RL3	0.0554949889884
F3	0.0348589990671
FABP3	0.0401666286902
FABP4	0.0395291182146
FABP5	0.0290588592902
FADD	0.0302422653645
FADS2	0.0312083699094
FAF1	0.0260280962014
FAIM	0.0522950168024
FAM111B	0.0268473816823
FAM3C	0.0325342847089
FAM46A	0.122007773837
FAM84B	0.099910193858
FANCA	0.014698590452
FANCD2	0.0948644134734
FARP1	0.0802617551355
FAS	0.0407881224073
FASLG	0.0456280768719
FAT1	0.0966570097551
FBLN5	0.015371391534
FBXL2	0.0197126275229
FBXL7	0.124694368426
FBXO7	0.0247293585843
FBXW7	0.0369664229528
FCER1A	0.0327319638962
FCGR2B	0.0390128851178
FCGRT	0.0458253381646
FEN1	0.0282189249418
FER	0.0356785262544
FERMT2	0.142987140075
FEZ1	0.0254240857633
FFAR1	0.0518994605878
FGA	0.0462349335264
FGF1	0.0538758903808
FGF10	0.108072237624
FGF12	0.0492206861386
FGF14	0.0486366321724
FGF17	0.041012170182
FGF2	0.0501572040241
FGF20	0.0388043079795
FGF9	0.0399131732993
FGFR1	0.0473066436601
FGFR3	0.0972272800418
FGG	0.0337332974675
FHL2	0.0403894470168
FIG4	0.0194413727946
FKBP1A	0.0326482675627
FKBP4	0.0535576402314
FLG	0.0219286662308
FLNA	0.0638127404145
FLOT1	0.0492542021748
FLT1	0.0383906267286
FLT3LG	0.0255702937262
FMR1	0.0240218050259
FN1	0.0481877945966
FNIP1	0.119573756422
FOCAD	0.0265384916753
FOLH1	0.0171072008242
FOS	0.0557489015675
FOXA1	0.0450925850591
FOXF1	0.0717732483677
FOXG1	0.0441685614661
FOXO1	0.0406669971386
FOXO3	0.372618547733
FOXO4	0.0387832285595
FPR1	0.0499195430834
FPR2	0.0534991977064
FRMD6	0.0323335135525
FSHR	0.0559325911404
FTH1	0.0187202265523
FTL	0.0315062783284
FTMT	0.0698441790722
FTO	0.0347867296821
FURIN	0.0495272452734
FUS	0.0194535068789
FXN	0.0188773401313
FXYD1	0.0254967727932
FYB1	0.038550918722
FYN	0.0501251394818
FZD1	0.0198562165677
FZD5	0.0243558375353
G3BP1	0.0936000323723
G6PC	0.0196168106592
G6PD	0.0183605854833
GAB1	0.0289506815603
GAB2	0.0741457608198
GABBR1	0.601540875015
GABBR2	0.396274048462
GABRA1	0.169878738611
GABRA2	0.216690190105
GABRA4	0.174504629396
GABRA5	0.169147339043
GABRA6	0.168818683575
GABRB1	0.174504629396
GABRB2	0.174504629396
GABRB3	0.182546140784
GABRD	0.138681983267
GABRE	0.139174699704
GABRG1	0.140398699683
GABRG2	0.17309281693
GABRG3	0.201462524286
GABRP	0.139174699704
GAD1	0.0237449522727
GAD2	0.0224031588525
GADD45A	0.041653497878
GADD45GIP1	0.0295398383369
GALC	0.017331278881
GALNS	0.0168860251687
GALNT15	0.00303706393911
GAP43	0.0627407949483
GAPDH	0.0570846174254
GAPDHS	0.0146736624613
GARS	0.0252867176451
GATB	0.0901535925498
GBA	0.0401258340939
GBE1	0.0652287778686
GC	0.0411666367455
GCGR	0.0528546801544
GDF11	0.0184242295563
GDF15	0.0323046945688
GDNF	0.0467506212126
GEM	0.0193988980274
GET4	0.0156905496736
GFAP	0.0660114223664
GFRA1	0.0386487617541
GGA1	0.044536484856
GH1	0.045978445185
GHR	0.0289563359244
GHRH	0.0781603070641
GHRL	0.0370260621107
GHSR	0.0431285487372
GIP	0.0580299634519
GJA1	0.0401520769478
GJB6	0.0119209450611
GK2	0.0225554759446
GKN2	0.0292656312812
GLB1	0.0146121588013
GLI1	0.0279552248058
GLIS3	0.0532329370407
GLO1	0.0342271649556
GLP1R	0.120209022945
GLRX	0.0348843124955
GLS	0.0152889379666
GLUD1	0.0158567118976
GLUL	0.0423510499891
GMDS	0.0105721480991
GMPR	0.0336430337094
GNA14	0.0507234696581
GNE	0.0147918866286
GNG11	0.0697328306242
GNG2	0.0456928584006
GNRH1	0.0507726289134
GNRHR	0.126008108729
GOLGA2	0.369319952357
GORASP1	0.0738602005229
GOSR2	0.0493978682184
GOT2	0.0290379540424
GPC1	0.0452570321066
GPC3	0.0299990682705
GPC6	0.0385103737295
GPER1	0.0506330017034
GPHN	0.0926628499089
GPI	0.0192617511625
GPLD1	0.0161037773271
GPR17	0.0465762657605
GPR37	0.0506156194917
GPSM2	0.0270831102026
GPX1	0.034594768717
GPX3	0.0248768623938
GPX4	0.0289306366388
GRAP2	0.0400377048788
GRB2	0.0322729307828
GRIA1	0.233109687953
GRIA2	0.221448103677
GRIA4	0.256774025471
GRIN1	0.476842944899
GRIN2A	0.471730107955
GRIN2C	0.425371434923
GRIN2D	0.424827028289
GRIN3A	0.533185983762
GRIN3B	0.533185983762
GRK2	0.0705335940907
GRK5	0.0641640841287
GRM1	0.0510735535787
GRM2	0.0506992018758
GRM3	0.0451798009476
GRM5	0.0624150459876
GRM7	0.0674390491902
GRN	0.0732539041416
GRPR	0.0578859705515
GSAP	0.271547859534
GSC	0.0720928758397
GSK3A	0.108130923075
GSK3B	0.129870198445
GSN	0.0594520132158
GSS	0.0218261072049
GSTM1	0.036943215635
GSTM3	0.0299803187186
GSTO1	0.0316335969786
GSTO2	0.0210047506062
GSTP1	0.0343833248285
GSTT2B	0.0184804323689
GTF2A1L	0.0328666489916
GTF2E2	0.0116099559728
GTF2H3	0.0874446958481
GULP1	0.0348161665495
GUSB	0.0297441830788
GYG2	0.020870026125
GYPC	0.025001281431
GZMB	0.0355135315303
H1F0	0.0386411012223
H2AFX	0.0352437399013
H2AFY	0.0197928859347
H6PD	0.0205734697278
HACE1	0.102096364172
HAL	0.0219263521893
HAMP	0.0458617049086
HAND1	0.0766503164624
HAO2	0.0177400065207
HBA1	0.0230708020826
HBEGF	0.187224891372
HBG2	0.0403731513262
HCRT	0.060119585198
HCRTR2	0.050294428452
HDAC1	0.060280949248
HDAC2	0.0602977519988
HDAC3	0.0599431352543
HDAC4	0.0299121299681
HDAC5	0.0317078307407
HDAC6	0.0576112042226
HDAC9	0.100517225754
HDC	0.0204139570439
HECW1	0.0163735939145
HECW2	0.0245610516306
HERC2	0.085436343858
HEYL	0.0267399628204
HFE	0.385462669971
HGF	0.0534719605292
HGFAC	0.0276954214744
HHEX	0.0407961500608
HID1	0.0761374503044
HIF1A	0.0472647695649
HIPK2	0.0319166887008
HIST1H2AM	0.0201538241163
HLA-DMA	0.0160979797264
HLA-DQB1	0.0299371322867
HLA-DRA	0.0195746115441
HLA-DRB5	0.0290539150372
HLA-E	0.015154271494
HLA-G	0.0257714962509
HM13	0.0282419054111
HMCN1	0.14143996647
HMGA1	0.0550442331573
HMGA2	0.0400804948169
HMGB1	0.0512164288489
HMGCR	0.367056797663
HMGCS2	0.0279188045248
HMOX1	0.065648243736
HMOX2	0.059784310089
HNF1A	0.040735661694
HNF4A	0.0572898650622
HNF4G	0.165018276024
HNMT	0.041561254861
HNRNPA1	0.0198568043418
HNRNPA2B1	0.0118500490307
HNRNPA3	0.0705660672602
HNRNPAB	0.0193625056342
HNRNPH1	0.0116348890269
HNRNPU	0.00955253319093
HOMER1	0.051777245543
HP	0.0701250433894
HPCAL1	0.0299017717515
HPD	0.0195379853797
HPGDS	0.117036690037
HPRT1	0.0358516304531
HPS1	0.0117569820119
HPSE	0.0411739164297
HRAS	0.0498116386433
HRH1	0.0425151307549
HRH2	0.0483702225407
HRH3	0.139270798343
HRH4	0.040166458848
HRK	0.105451783276
HS3ST1	0.108307970873
HS3ST2	0.043728120916
HS3ST3A1	0.0849052836029
HS3ST3B1	0.0856413037152
HSD11B1	0.0355927432124
HSD17B1	0.0275617590779
HSD17B12	0.0918453502187
HSF1	0.0408017346622
HSP90AB1	0.0382863254369
HSPA1A	0.0244653311365
HSPA1B	0.030703295207
HSPA5	0.040819231118
HSPA8	0.0282582677143
HSPA9	0.0401347978714
HSPB1	0.0324922731433
HSPB2	0.0236865191797
HSPB6	0.0212487030773
HSPB7	0.0251218233592
HSPB8	0.0310160958845
HSPD1	0.03031102016
HSPG2	0.102779427947
HTN1	0.00732898408396
HTR1A	0.37602565281
HTR1B	0.0422602048072
HTR2A	0.384153406559
HTR2C	0.29920316769
HTR4	0.086435820973
HTR6	0.38494838178
HTR7	0.113669911549
HTRA1	0.0317972055919
HTRA2	0.0718983629713
HTT	0.0411515990323
HYI	0.0759999873208
HYKK	0.00284569738849
IAPP	0.0745833984813
IARS	0.022593237155
ICAM1	0.0405023404078
ICAM2	0.0231978662831
ICAM4	0.0168823104288
ICAM5	0.20156822022
ICOSLG	0.0192317881843
IDE	0.0765389546497
IDO1	0.0387846005088
IDUA	0.0278909257373
IFNA21	0.0260767508095
IFNAR1	0.0919743400171
IFNAR2	0.090557470556
IFNB1	0.037904993258
IFNG	0.0502149773615
IFNL3	0.0335316555933
IGF1	0.0712095743811
IGF1R	0.0540257740965
IGF2	0.0604840460869
IGF2R	0.0309074527668
IGFBP1	0.0603263185912
IGFBP2	0.0633505503746
IGFBP3	0.0635001528028
IK	0.0299649582602
IKBKB	0.0390893541421
IKZF2	0.0133450991508
IKZF3	0.0240765661843
IL10	0.0483260249395
IL11	0.035240881084
IL12A	0.0399489462024
IL12B	0.038800405786
IL13	0.0443804022098
IL15	0.0490534424648
IL16	0.0336447565783
IL17A	0.0391340340492
IL18	0.0583825662613
IL19	0.0418568543659
IL1A	0.056287481201
IL1B	0.0575450508137
IL1R2	0.0444054091222
IL1RAP	0.03365451181
IL1RL1	0.0221781353389
IL1RN	0.038738705811
IL2	0.0610267911646
IL21	0.0812623645707
IL22	0.0278496568393
IL23R	0.0360224804515
IL24	0.0277454394389
IL3	0.0430123532614
IL32	0.0335644811937
IL33	0.0420099856028
IL34	0.0624624934133
IL4	0.0496234492278
IL6	0.0507648633556
IL6R	0.0495032766375
IL6ST	0.0319838434464
IL7	0.0307035197473
ILK	0.0272118096045
IMMT	0.020281047927
IMPA1	0.0943149839293
IMPA2	0.0278019245402
INA	0.0456239079359
INPP5D	0.140824704392
INPPL1	0.0368702597975
INS	0.0772688631351
INSIG1	0.108597222995
INSR	0.107406750631
INSRR	0.0274087843709
IP6K3	0.0215271556874
IQGAP2	0.0933739130308
IRAK1	0.0527753317256
IRAK1BP1	0.127374808874
IRAK2	0.0319265122439
IREB2	0.0314170082362
IRF6	0.0982881544348
IRF7	0.0327285662388
IRF8	0.0291392063339
IRS1	0.0469062109972
IRS2	0.0329256760913
IRS4	0.0273201506242
ITGA1	0.0331380266205
ITGA2B	0.0258678511212
ITGAX	0.0240789400327
ITGB4	0.0210923277609
ITM2B	0.0773258016944
ITPKB	0.047734981902
ITPR1	0.0332814442052
ITPR3	0.0371705942363
ITPRIP	0.0228209315912
ITSN1	0.0285234259124
ITSN2	0.101402608814
IVD	0.020646876045
JAG1	0.0894112402291
JAK2	0.0466984718802
JMJD1C	0.0378747308979
JUN	0.376569468425
KALRN	0.0421184244446
KAT2B	0.0379605901611
KAT5	0.0400119082752
KATNB1	0.0150389905147
KCNB1	0.0237909878005
KCNIP1	0.00523119705574
KCNIP3	0.155130097486
KCNIP4	0.128478800593
KCNJ11	0.0282976485319
KCNK1	0.0689975920952
KCNMA1	0.118673452672
KCNN2	0.106098120703
KCNN3	0.12909605177
KCNN4	0.0335723092946
KCNQ1	0.0175708657371
KCNQ2	0.0134486799275
KCNQ3	0.0130885467266
KCNQ4	0.0106562925653
KCNQ5	0.0114126887858
KCNS1	0.00980505415594
KCNV1	0.00898211568563
KCNV2	0.0329313427432
KCTD1	0.0893276618752
KCTD15	0.028476604133
KDM1A	0.0270007152178
KDM1B	0.0954549952772
KDR	0.0411208025826
KEAP1	0.017513138595
KHDRBS2	0.0607880405138
KIF11	0.0264736725522
KIF13A	0.0162261677329
KISS1R	0.0456051635821
KIT	0.0960341276735
KITLG	0.039685911827
KL	0.0473809415219
KLC1	0.062018900653
KLF1	0.0283695739648
KLF2	0.0355555704292
KLK1	0.030676185011
KLK3	0.0402847678641
KLK4	0.0454362202105
KLK6	0.0800715453701
KLK7	0.0930865268806
KLKB1	0.035457860846
KMO	0.014836297071
KNG1	0.0485715851913
KNTC1	0.0191988623455
KRAS	0.102932262006
KRIT1	0.0266917739848
KRR1	0.0824806454961
KRT1	0.026580567845
KRT14	0.0345211882971
KRT16	0.0359239470113
KRT9	0.0222349395996
KSR2	0.107594184366
KYNU	0.0202372537222
LAMA1	0.0825041229631
LAMP1	0.169690909795
LAMP2	0.0366701426125
LARP1	0.0109184083945
LARS	0.0934997523965
LBP	0.0870615478175
LBR	0.0392172706992
LCAT	0.0449252810507
LCMT1	0.053984940365
LCN2	0.0632250551496
LCT	0.0202643772991
LDB2	0.0114285892416
LDHA	0.0366655542492
LDLR	0.0669514344378
LDLRAP1	0.07235566425
LEP	0.0607220593314
LEPR	0.0369012377071
LGALS3	0.0425911559321
LGMN	0.0343258355895
LHCGR	0.0587882180739
LIF	0.0737621405466
LIFR	0.034595198813
LILRB2	0.0200223167464
LIMK1	0.0207787950865
LIMS2	0.018781816024
LIN28A	0.0262972975959
LIN28B	0.0163417955853
LINGO1	0.102545348056
LIPA	0.0180758692622
LIPC	0.0386420118982
LMF2	0.0321189118017
LMNA	0.387583034185
LMNB1	0.370489711558
LMO4	0.0421842803945
LOX	0.0314297278236
LOXL1	0.0234292354596
LPA	0.0413789709354
LPAR1	0.0995515739732
LPIN2	0.0156676331331
LPL	0.0471980006185
LRAT	0.0781417363247
LRIG1	0.0487755711869
LRP1	0.0715341521892
LRP1B	0.266659067553
LRP2	0.0660174325563
LRP6	0.0353396839176
LRP8	0.0575822205656
LRPAP1	0.0740444637496
LRRC58	0.0200374535282
LRRK2	0.0383548594667
LRSAM1	0.0341954577239
LSS	0.0277537132532
LTB4R	0.0482373733346
LTF	0.068228606199
LY86	0.0504105166804
LYST	0.0167731613971
M6PR	0.0409177213915
MAD2L1BP	0.013505080166
MADD	0.0321665783163
MAF	0.0502243041323
MAFF	0.020202693081
MAG	0.0510280341411
MAGI1	0.0480330102902
MAN1A1	0.0130938286149
MAN1C1	0.015957696538
MAN2A1	0.0181695678673
MAOA	0.0538988284011
MAOB	0.103524734879
MAP1A	0.0332406437261
MAP1B	0.0387547087926
MAP2	0.0834150349233
MAP2K1	0.046502018179
MAP2K2	0.0342267577675
MAP2K5	0.105785765763
MAP2K6	0.0414865304279
MAP3K1	0.0279217613062
MAP3K12	0.0375147772496
MAP3K13	0.0341002635819
MAP3K5	0.0449283787373
MAP3K9	0.0302128700152
MAP4	0.0273686983704
MAPK1	0.0481357494118
MAPK10	0.0490787880439
MAPK14	0.130576845601
MAPK3	0.0520077480424
MAPK7	0.0373386380294
MAPK8	0.0491544182411
MAPK8IP1	0.0589026650659
MAPK8IP2	0.0442869202131
MAPKAPK2	0.0335030772894
MAPRE3	0.0198925417821
MAPT	0.0894589642031
MARK2	0.0338844255856
MARK3	0.0413669563783
MARK4	0.0384251310545
MAT2A	0.0290155526108
MATN1	0.0147743283544
MAZ	0.0736254343404
MBD2	0.0288004861813
MBL2	0.0268441958607
MBOAT1	0.0157104550497
MBP	0.0393907080092
MBTPS1	0.0335731131685
MBTPS2	0.0302740749933
MC1R	0.0578034054102
MC4R	0.0571996354594
MCAT	0.016785843852
MCCC1	0.0085283264188
MCHR2	0.0410247632496
MCIDAS	0.0861153031345
MCL1	0.037755089441
MCOLN1	0.0879040785903
MDGA2	0.0832769789182
MDK	0.0402087938252
MECOM	0.113103726492
MECP2	0.0240671938961
MED12	0.0303428602684
MEF2A	0.0549849296623
MEF2C	0.146628440772
MEF2D	0.0477958602329
MEFV	0.028058214195
MEGF10	0.0218382848416
MEIS1	0.016286985212
MERTK	0.024356490194
MET	0.0299652001531
METAP1	0.0839096397543
MFGE8	0.0743822418655
MFN2	0.0335103721441
MGAT1	0.0190428901403
MGAT3	0.0288476013139
MGEA5	0.0306804845902
MGLL	0.0314703912199
MGST3	0.0184360162531
MICAL2	0.111354640898
MIF	0.0318480694074
MKI67	0.0738617311048
MKL1	0.0315429087449
MLLT3	0.019006880793
MLN	0.0660792468145
MLYCD	0.017623400456
MMACHC	0.0256467048134
MME	0.0535969991672
MMP1	0.351292955261
MMP13	0.326577656447
MMP14	0.0599744840508
MMP2	0.0664674194884
MMP3	0.0666848053122
MMP7	0.349298216445
MMP8	0.357829849679
MMP9	0.064741686565
MMRN1	0.0556865612143
MPI	0.0166683837348
MPO	0.0713566424573
MPP7	0.0952474769171
MPZ	0.0310380603475
MPZL1	0.0471184793253
MRAP2	0.0337544899124
MRPL39	0.0750754772255
MRPL58	0.118876590491
MS4A2	0.0388724498733
MSC	0.0486837428961
MSH2	0.0887449159325
MSH6	0.0414021773589
MSTN	0.0189016253769
MSX1	0.021224511052
MSX2	0.122207984952
MT-CYB	0.0241023979991
MT-ND1	0.210742940911
MT-ND2	0.190533784997
MT-ND4	0.0300398246664
MT2A	0.0473960882808
MTA2	0.0289694075139
MTAP	0.016272175625
MTCH2	0.0256626516555
MTFMT	0.0359447986733
MTHFD1	0.0315234356577
MTHFD1L	0.162109238031
MTHFR	0.0391564424466
MTMR4	0.0185835072122
MTOR	0.0500950550591
MTR	0.0447198365923
MTRNR2L12	0.0453074971629
MTRR	0.0346306132466
MTSS1	0.024257862982
MUCL1	0.00463701434896
MUT	0.0175020436333
MUTYH	0.0382469744188
MVP	0.0438074772312
MX2	0.0211054829
MYBPH	0.0116568152006
MYC	0.0398767827399
MYOCD	0.0342442827261
MYOT	0.0203461493568
MYRIP	0.0226676212646
MZF1	0.0411828611907
N6AMT1	0.0680761278163
NAB1	0.0269700818281
NABP2	0.0191349545481
NAE1	0.0708592522149
NAIP	0.0229984432539
NALCN	0.0172606450306
NAMPT	0.0414568919792
NANOG	0.0272103205427
NANOS1	0.0312277383138
NAP1L5	0.0290742527377
NARFL	0.0127163212785
NARS2	0.0556754742757
NASP	0.0153278939287
NAT2	0.0285040396094
NAT9	0.0190318988251
NBR1	0.0353229797
NCALD	0.0148834359471
NCAM1	0.0890043692457
NCAM2	0.0612486071511
NCAPD2	0.0253175858071
NCAPH2	0.0298210121304
NCF1	0.0279869930716
NCF2	0.0258613820617
NCKAP1	0.0311204694308
NCKAP5	0.0273697859992
NCL	0.0325682549573
NCLN	0.0191254646399
NCOA1	0.0365140147793
NCR2	0.0565202287304
NCS1	0.0118455760065
NCSTN	0.421799351707
NDC80	0.0138129607881
NDP	0.0153481885467
NDRG1	0.035781660237
NDRG2	0.035316003156
NDUFAB1	0.0293876658641
NDUFB8	0.0274373716189
NDUFS1	0.0226964010768
NDUFS4	0.0210944764781
NDUFV2	0.0241985399436
NECAB3	0.176201128808
NECTIN2	0.362249209725
NEDD4L	0.0297116742791
NEDD8	0.0290027717418
NEDD9	0.0562765753575
NEFH	0.0487405244883
NEFM	0.0479987697408
NEIL1	0.034910214746
NEPRO	0.0732415526934
NES	0.201308438986
NETO2	0.0625818547322
NEUROD1	0.0235595709001
NF2	0.035257330054
NFATC2	0.0500749365488
NFATC3	0.0495527567725
NFE2L2	0.0556955790565
NFIB	0.0153000868989
NFIC	0.122895149992
NFKBIA	0.0374720712631
NGB	0.0406896096546
NGEF	0.0158707568561
NGF	0.0699667832347
NGFR	0.0663307269743
NGLY1	0.0714685095823
NID1	0.0568888964368
NINL	0.0174871730189
NISCH	0.0238665758898
NLGN1	0.0604610456659
NLGN2	0.0444300765658
NLRC4	0.0394543848651
NLRP1	0.0427386935751
NLRP3	0.069907891984
NMNAT1	0.0219870054271
NMNAT2	0.0204810249708
NMS	0.0433428647026
NMT1	0.0354632473094
NNT	0.0186812452229
NOG	0.0217323404843
NOS1	0.0945151972579
NOS1AP	0.0472854284042
NOS2	0.0541339572804
NOS3	0.0654785838722
NOTCH1	0.0615816306233
NOTCH3	0.0803642389883
NOTCH4	0.115553205217
NOV	0.0281171057058
NPAS2	0.0827951782096
NPAS4	0.0197275416841
NPC1	0.0327416045878
NPL	0.0132879016601
NPM1	0.0178585150636
NPPA	0.0495840092738
NPS	0.0567227980412
NPTX1	0.0351427065733
NPY	0.0571032097629
NPY4R	0.0487183090566
NQO1	0.0428926303678
NQO2	0.034385521853
NR0B2	0.0643075983547
NR1D2	0.0722126394558
NR1H2	0.0811141062546
NR1H3	0.0500962305171
NR1I2	0.0445119499559
NR2C1	0.131989730833
NR3C1	0.302930716708
NR3C2	0.0887040945487
NR4A1	0.0628603608038
NR4A2	0.0739163012332
NR5A2	0.0399167758728
NRBF2	0.0258714604928
NRCAM	0.0312053559812
NRDC	0.0389655131321
NRF1	0.033773576408
NRG1	0.0436624490289
NRG3	0.0706534567016
NRXN1	0.100104077677
NRXN3	0.0474701795534
NT5C1A	0.0299694350635
NT5C3A	0.0239811849759
NTF3	0.0545333464464
NTN1	0.0379136887692
NTN4	0.018822195362
NTRK1	0.0445786663142
NTRK2	0.0587805105306
NTRK3	0.0630890612587
NTS	0.0470763084798
NUAK1	0.0305340017996
NUDT1	0.0208878926353
NUP153	0.011966827349
NUP160	0.0106318572606
NUP43	0.0124012866086
NUP93	0.00825447498468
NXPH1	0.123833667128
OCLN	0.0458486643049
ODC1	0.033596577649
OGDH	0.0292976132615
OGG1	0.0312267068573
OGT	0.031357765198
OLA1	0.0765039361388
OLIG2	0.022810178487
OLR1	0.0436045531006
OPA1	0.0297364068121
OPN4	0.0532138124497
OPRD1	0.0481736911017
OPRK1	0.0501430128493
OPRL1	0.0479668915912
OPRM1	0.0425303921778
OPTN	0.0275694540552
OR4C12	0.0539766327736
ORAI2	0.0160285493729
OSBPL6	0.0878618093108
OSM	0.0344928597812
OSR1	0.0208554213049
OTC	0.041353033804
OXT	0.0470638604095
P2RY1	0.055088887749
P2RY12	0.0442412713326
P2RY2	0.055588898956
P2RY4	0.0435506768138
P2RY6	0.0453372334648
P4HB	0.0385220329054
PABPC4	0.0155948174851
PABPN1	0.011294975061
PACSIN1	0.0344405862035
PADI4	0.0370183894362
PAH	0.0903247270142
PAIP2	0.0163449137504
PAK1	0.0309772542097
PAK2	0.0338085486062
PAK3	0.0337124976965
PAM	0.0340120431336
PANK1	0.0052394112618
PAPPA	0.0345353629986
PARD3B	0.0181946213598
PARK7	0.0536490562444
PARP1	0.0438366725754
PARP11	0.0674272248044
PARVB	0.0198658280707
PAWR	0.03717044277
PAX5	0.0213415509068
PBX1	0.0645062436429
PCBD1	0.04901152632
PCK1	0.0352184081944
PCM1	0.0176874970126
PCMT1	0.0164119710587
PCNA	0.0418015888755
PCNX1	0.0322866358455
PCSK1	0.0354482305038
PCSK2	0.0299690022021
PCSK5	0.0391726927728
PCSK7	0.039470488179
PCSK9	0.107249698271
PCYT1A	0.0387879532177
PCYT1B	0.0391796224841
PDCD1LG2	0.0824685558683
PDCD6	0.0300827118015
PDE10A	0.0214614021549
PDE2A	0.020934284224
PDE3A	0.356890080504
PDE4D	0.0328518293587
PDE5A	0.258344961555
PDE7B	0.0236662253481
PDE9A	0.075691380805
PDGFB	0.0318530328704
PDGFRA	0.0954178690069
PDGFRB	0.0992606217178
PDIA3	0.0260257072696
PDIA6	0.0255693339055
PDLIM7	0.0342552206053
PDP1	0.0117148394734
PDPK1	0.0744875793945
PDS5B	0.0109794607858
PDYN	0.0381817488932
PEA15	0.0400905693348
PEBP1	0.0457425815169
PEG10	0.0259900112649
PEMT	0.0398372503796
PENK	0.0437678418958
PEPD	0.0247549270278
PER1	0.0241170524263
PER2	0.0363128080124
PER3	0.0312493369082
PEX6	0.0980819835336
PGBD1	0.0132235811383
PGD	0.0180675958356
PGM1	0.0144770929867
PGM2L1	0.0112851429663
PGP	0.0158332425151
PGR	0.141524101105
PGRMC1	0.0497382527265
PHB	0.0391382216795
PHEX	0.0322674028733
PHF1	0.0255812867846
PHF14	0.115662937133
PHF6	0.0273517716938
PHGDH	0.0429486547746
PHLPP1	0.0249235873102
PI3	0.0271548313505
PIAS1	0.0376436372934
PICALM	0.270692061837
PICK1	0.0799199011059
PIKFYVE	0.0363201111065
PILRA	0.0272510136862
PIN1	0.0518863358047
PINK1	0.0435879149898
PIP	0.0133423807991
PIPOX	0.0156327472762
PITRM1	0.124145708856
PITX2	0.0280374312154
PKHD1	0.00874188414387
PKM	0.0209897102934
PKN1	0.0441457832741
PKN2	0.0199251651589
PKNOX2	0.0309952623091
PKP4	0.0366161166512
PLA2G1B	0.0530104245812
PLA2G3	0.0418319576312
PLA2G4A	0.0503818259821
PLA2G5	0.0413170570146
PLA2G6	0.0360209635255
PLA2G7	0.102759312889
PLAT	0.0450253460983
PLAU	0.0569605414239
PLAUR	0.0374295960778
PLCB1	0.0378947142395
PLCD1	0.0361980056092
PLCG1	0.0357295482804
PLCG2	0.178507567375
PLCL1	0.18222828335
PLD1	0.0346641311155
PLD2	0.0305636069994
PLD3	0.0558719601909
PLG	0.0512448182055
PLIN2	0.0369013433279
PLK1	0.0242450088086
PLK2	0.0386022488622
PLOD1	0.024784845587
PLPP4	0.0257270962245
PLTP	0.121422865783
PLXNA1	0.0491448090625
PLXNA4	0.0660919997368
PMAIP1	0.0799949242225
PMCH	0.0468439241951
PML	0.0332573303411
PMPCA	0.0243627545897
PNMT	0.0552652367191
PNN	0.027247685997
PNP	0.0238104324104
PNPLA2	0.0240137852235
PNPLA3	0.0173743486971
PNPLA7	0.0945658824219
POLB	0.0261526373272
POLG	0.0126424701662
POLN	0.0399935274388
POMC	0.0558112774819
PON1	0.130285940849
POR	0.03272127152
POU2F1	0.0290012121956
POU3F2	0.034032018366
POU3F3	0.124410548555
PPARA	0.0709558246664
PPARD	0.0965409439385
PPARG	0.376466495977
PPARGC1A	0.0454887273381
PPARGC1B	0.0290641689223
PPEF1	0.035542286963
PPIA	0.0403939812728
PPIB	0.0217374012741
PPIF	0.0379115386439
PPME1	0.0445924765752
PPOX	0.0211275611385
PPP1R15A	0.0339581633858
PPP1R1B	0.0778948080018
PPP1R3B	0.149708850296
PPP2CA	0.0455489590932
PPP2R2A	0.0527964873675
PPP2R2B	0.143720778045
PPP2R2C	0.116391505833
PPP2R5E	0.187790413715
PPP3CA	0.0589565448933
PPP3CC	0.052845746659
PPP3R1	0.0472152156962
PPP5C	0.0284222082803
PPP5D1	0.104747203284
PPRC1	0.0249528312039
PPT1	0.0225871076729
PPY	0.0477321314285
PRDX1	0.384255025016
PRDX2	0.393538908658
PRDX3	0.0225670514918
PRDX5	0.0784839566527
PRDX6	0.0596123515411
PREP	0.0474895954733
PRKAR1B	0.0346608762452
PRKAR2B	0.0244924971485
PRKCA	0.0532562083704
PRKCB	0.0471647936607
PRKCE	0.0347236358088
PRKCG	0.044202010732
PRKD1	0.0432102816261
PRKDC	0.0311208400972
PRKG1	0.0498624327796
PRKG2	0.0472794169982
PRKN	0.043852950947
PRL	0.0503875703942
PRMT5	0.0293838039175
PRNP	0.0766575346981
PROK2	0.0898137137963
PROX1	0.0372792903598
PRPH	0.0397800078774
PRPH2	0.0116708396167
PRPSAP2	0.012197600187
PRRC2C	0.04541184193
PRSS3	0.0588301456498
PRTN3	0.0402669228793
PRX	0.0325512598585
PSD	0.0259233223758
PSD4	0.0216076434217
PSEN1	0.419523311644
PSEN2	0.421668300854
PSENEN	0.408191174452
PSMA7	0.0182910012861
PSMB9	0.0205928489018
PSMC6	0.08166072244
PSMG1	0.014199583877
PSPC1	0.0298400064566
PTDSS1	0.0305024593167
PTEN	0.0581101926216
PTGDS	0.100982941813
PTGES	0.103577757083
PTGES2	0.0848143208293
PTGES3	0.0496122270438
PTGS1	0.373333167425
PTGS2	0.376118911157
PTH	0.0605554422877
PTK2	0.0378497969821
PTK2B	0.254842132859
PTN	0.0439359609142
PTPA	0.0446777768462
PTPN1	0.0836325544305
PTPN13	0.0377293053676
PTPN4	0.0386622692435
PTPN5	0.0384270414382
PTPRD	0.0220157788987
PTPRG	0.10337457416
PTPRK	0.0403639317034
PTPRN2	0.0219409959312
PTPRR	0.0370863671748
PTPRU	0.120022852403
PTPRZ1	0.0298017263217
PTS	0.0158409356202
PUS1	0.0902749969724
PXN	0.0418420403863
PYCARD	0.032858829505
PYY	0.0509066460055
PZP	0.0638844152094
QKI	0.0198431890199
QPRT	0.016821984303
QRFPR	0.0484597018777
RAB10	0.029948815342
RAB1A	0.0780865090405
RAB3B	0.0164403803129
RAB3C	0.0185656638869
RAB3D	0.0754323373602
RAB8A	0.0194772436555
RAC1	0.0312946598832
RAC2	0.0275191264998
RACK1	0.03281169353
RAD51AP2	0.0242188564967
RAD52	0.0269646487322
RAF1	0.0547893179631
RAG1	0.0217999913998
RALGDS	0.0291296183003
RALYL	0.0953974743344
RAMP2	0.0385803555895
RAN	0.02120675518
RANBP9	0.034352774909
RAPGEF3	0.0322384426576
RAPGEF4	0.0330243854781
RAPGEF5	0.0274689903924
RAPGEF6	0.114443803026
RARA	0.123805969393
RARB	0.146080505555
RARG	0.144344759025
RASA1	0.0345192084636
RASGRF1	0.154441196739
RASSF8	0.0995232236636
RB1	0.0387349789357
RB1CC1	0.0446494799497
RBFOX1	0.121738284565
RBL2	0.0415527803277
RBM10	0.0123964041956
RBM12	0.0213677715583
RBM19	0.029778552313
RBM3	0.00734056398189
RBP4	0.045319292402
RBX1	0.0822295657095
RCAN1	0.0725217688182
RCAN2	0.0409712607131
RCC1	0.0144640648585
RCN1	0.0140838381386
REEP5	0.0248548116372
REL	0.0946631818237
RELN	0.0545437951293
REM1	0.0241745007284
REN	0.0498166201252
RER1	0.0259020116609
REST	0.0358594368525
RETN	0.219582309094
RFC3	0.0216917004096
RFK	0.0159162664064
RGCC	0.0383211976841
RGS1	0.0401542608063
RGS17	0.0928706742777
RGS2	0.0545350517937
RGS4	0.0538229290704
RGS7	0.0400190964928
RHEB	0.0241487827895
RHO	0.0285359709885
RHOH	0.0146911697936
RHPN2	0.0119698122995
RIMBP2	0.0659934782553
RIN3	0.0770817111696
RIPK1	0.032538658163
RIT2	0.0343284893539
RNASE2	0.0214536931989
RNF103	0.0285856206129
RNF14	0.0245818576813
RNF146	0.0203955492492
RNF182	0.0268259812516
RNF5	0.0341115922983
RNH1	0.0262135350229
ROCK1	0.0428231792702
ROCK2	0.033416192485
RORA	0.0710148177617
RPE	0.0192151792228
RPH3A	0.026294079258
RPL13	0.010389098263
RPL17	0.0178193177838
RPS3A	0.0102485259096
RPS6	0.0112007730506
RPS6KB1	0.0389343383004
RPSA	0.0241230260192
RTN1	0.0354288173373
RTN3	0.0388521460184
RTN4	0.0329293555206
RTN4R	0.0482271714405
RUNX1	0.0412685192092
RUNX2	0.0314628910041
RXFP1	0.0575986516882
RXFP3	0.0474946459005
RXRA	0.147883903278
RXRB	0.132077185936
RXRG	0.136978297458
RYR2	0.0728813184276
RYR3	0.0553665524422
S100A1	0.0392247293057
S100A12	0.0431229247893
S100A2	0.0372805580377
S100A6	0.033542350405
S100A7	0.0307690093198
S100A8	0.0294228550769
S100A9	0.0358166593783
S100B	0.0665060280746
S1PR1	0.0448458826776
S1PR5	0.0424489080188
SAA1	0.0551897495028
SACS	0.0218192885085
SAFB	0.0294866439726
SALL3	0.0199413150802
SAP18	0.0229062115327
SAP30L	0.0282214119771
SAR1A	0.036982941043
SARS	0.0674868899533
SATB2	0.037212266217
SCARB1	0.0915408062273
SCD	0.0383222712775
SCD5	0.0249894516403
SCG3	0.0543502608087
SCIN	0.0186306065091
SCN10A	0.478961082177
SCN1A	0.387682500009
SCN2A	0.473465865447
SCN3A	0.452724156049
SCN3B	0.170929535146
SCN5A	0.426033529697
SCN7A	0.404168192118
SCN8A	0.474072825321
SCN9A	0.452679486138
SCT	0.0566916164254
SDC2	0.037487227864
SEC11C	0.0308980651272
SEC24B	0.112200505779
SEL1L	0.035143249852
SELE	0.0531002375601
SELENOS	0.0197103313349
SELL	0.0370289205483
SELP	0.0993006710196
SEMA3A	0.0634839621133
SEMA3C	0.113051478642
SEMA3E	0.0772120352474
SEMA3F	0.0352158892703
SEMA6A	0.0838706722717
SEPHS1	0.0145611800245
SERPINA1	0.0599437963018
SERPINA3	0.088395152923
SERPINA4	0.0255237619762
SERPINA5	0.040488243183
SERPINA6	0.0242170853668
SERPINB2	0.0390902033328
SERPINB6	0.0387828763484
SERPINC1	0.0383261132433
SERPINE1	0.086985726393
SERPINE2	0.0556144177458
SERPINF1	0.0323100021618
SERPINF2	0.0560361088722
SERPINI1	0.0516579787641
SESN2	0.172404904437
SET	0.0353888030119
SETD2	0.0251637458693
SETD7	0.0988860980593
SETX	0.0262503746268
SF1	0.00838267397933
SFPQ	0.0309827449105
SFRP1	0.016547413764
SFTPB	0.0179526734794
SFTPC	0.0195555989297
SGCA	0.039904404717
SGK1	0.10015413343
SH2B1	0.0492069035973
SH2B3	0.0338026265467
SH3BP4	0.0247203492759
SH3BP5	0.0396460158094
SH3GLB1	0.0537772556344
SH3GLB2	0.0359129130745
SH3PXD2A	0.0286928173315
SH3RF1	0.0862518322551
SHANK1	0.038147475938
SHANK2	0.103892451617
SHC3	0.0405490222802
SHISA9	0.279650115622
SHKBP1	0.0223930963654
SIAH1	0.0323715736506
SIGLEC14	0.0351494514274
SIGMAR1	0.360007779226
SIK1	0.0838141675495
SIL1	0.0378584596114
SIPA1L1	0.0255994165385
SIRPA	0.0324858589018
SIRT1	0.0479189418657
SIRT2	0.0349961757646
SIRT3	0.0555278777434
SIRT5	0.0448905665448
SIRT6	0.0301358597222
SKIL	0.0319560750009
SLC10A2	0.110953642564
SLC11A1	0.0303224721041
SLC11A2	0.0381108987422
SLC12A2	0.0335441048521
SLC17A5	0.015478601368
SLC17A7	0.0463627988192
SLC18A2	0.0489875072009
SLC18A3	0.0564443207562
SLC19A1	0.031248171782
SLC1A1	0.0245850473155
SLC1A2	0.0282373425492
SLC1A3	0.0625309483724
SLC1A6	0.0123924244921
SLC22A3	0.0268933313505
SLC22A5	0.0175564306187
SLC25A10	0.0234259333258
SLC25A13	0.0775287406151
SLC25A4	0.0264476667052
SLC26A3	0.0178634570658
SLC2A1	0.0425947965711
SLC2A14	0.0555243969558
SLC2A2	0.0227568998729
SLC2A4	0.0242063599042
SLC30A1	0.0344610018547
SLC30A3	0.0254679486062
SLC30A6	0.0479475522554
SLC31A1	0.0265182224965
SLC33A1	0.0232676285339
SLC40A1	0.0478564783814
SLC44A5	0.206376515518
SLC4A1	0.0267296570271
SLC4A1AP	0.0357687735306
SLC4A3	0.0846530358196
SLC4A7	0.0241793618292
SLC4A8	0.0284093494282
SLC5A7	0.0581704852954
SLC6A2	0.319529799434
SLC6A3	0.376469021137
SLC6A4	0.388839652433
SLC6A9	0.0319907317988
SLC7A11	0.0203848147634
SLC7A5	0.0209458147424
SLC8A2	0.0475478906906
SLC9A6	0.0395810590477
SLCO1A2	0.0230016186348
SLIT2	0.0278175262784
SLMAP	0.101429082324
SLN	0.0256475144376
SMAD1	0.0250184378285
SMAD2	0.0463786923322
SMAD7	0.0312339178186
SMARCA2	0.0318746515379
SMARCA5	0.0253887408926
SMARCB1	0.0379223785031
SMARCD2	0.0720549687907
SMC2	0.0211015552019
SMC3	0.0180373979836
SMPD1	0.0296647630419
SMPD2	0.0276324889957
SMPD3	0.0264680283591
SMS	0.0182224995307
SNAP25	0.0916111562451
SNCA	0.068079025303
SNCAIP	0.0369011122024
SNCB	0.0367096548792
SNCG	0.0221719311963
SNRNP70	0.023599444428
SNX27	0.0224495191728
SNX3	0.020423481022
SNX4	0.0176033060709
SNX6	0.0266314333146
SNX8	0.0238521809405
SNX9	0.103875392558
SOAT1	0.0276783800605
SOD1	0.0585708903899
SOD2	0.0650001412172
SORBS1	0.0266119326999
SORBS2	0.0563630255901
SORBS3	0.037863614716
SORCS1	0.0715949204828
SORCS2	0.048067174845
SORCS3	0.114540636906
SORD	0.0943345065757
SORL1	0.414521497992
SORT1	0.0860495234576
SOS1	0.0336107127615
SOS2	0.030872480557
SOX11	0.10021244542
SOX2	0.0255598416676
SOX5	0.0133199322503
SP1	0.0422934930573
SP140	0.0370450439565
SP4	0.0213922330698
SPA17	0.0132025493308
SPAG9	0.0450824585505
SPAST	0.0210484025877
SPHK1	0.029186150932
SPI1	0.0359593465371
SPINK1	0.0131538438751
SPINT1	0.0306924760469
SPN	0.0391832327144
SPOCK1	0.0500551598352
SPP1	0.0471358167829
SPRED2	0.0951800035359
SPRR3	0.0182353387603
SPRY2	0.076531159391
SPSB1	0.0224086840072
SPTAN1	0.0414214552268
SPTBN4	0.0306503655403
SQSTM1	0.120232075694
SRC	0.112047651776
SRCAP	0.0254503926007
SREBF1	0.0460727917481
SREBF2	0.0438145748901
SRF	0.0402360102384
SRM	0.0205896255512
SRPK2	0.0239689560263
SRR	0.0238404445724
SRSF10	0.0161184381922
SRSF2	0.0109743675607
SST	0.0684909393575
SSTR1	0.0473045285245
SSTR2	0.0441854124832
SSTR4	0.0469001203323
ST13	0.0563568938339
ST14	0.0362987493691
ST3GAL4	0.0240095950249
ST6GAL1	0.0128470525207
ST6GAL2	0.0630947706367
ST8SIA2	0.0379991684747
STAT1	0.0401570829139
STAT3	0.0505566843993
STAT4	0.376751100753
STEAP3	0.118630840956
STIM1	0.0239906267356
STIM2	0.0151310209335
STIP1	0.0303396766487
STK11	0.0757606259549
STK24	0.0360507657069
STMN1	0.048972939881
STMN2	0.0291935075273
STOML2	0.0239070832256
STRADA	0.0901847474124
STUB1	0.0421588534274
STX1A	0.0475407892771
STX1B	0.0242225195114
STX6	0.0218719085698
STXBP1	0.043205119179
STXBP3	0.0173369816778
SUCLG2	0.0459042189236
SUDS3	0.0775551638254
SUGT1	0.0430937248147
SULT2A1	0.0289114816187
SUMF1	0.00422741582632
SUMO1	0.0430439736842
SV2C	0.0253951252173
SYF2	0.0150356291417
SYK	0.0405691887852
SYN1	0.0804091461747
SYNCRIP	0.0168091490474
SYNE2	0.0294359143399
SYNGAP1	0.113502521827
SYNJ1	0.124420097016
SYNM	0.0981280239475
SYT1	0.0763043092177
SYT13	0.068956077716
SYT4	0.0398394411596
SYTL4	0.0215999604186
SYVN1	0.0435791773445
TAC1	0.0508049830527
TACR1	0.0524131572604
TACR2	0.0525579532817
TACR3	0.0452504905239
TARBP2	0.018895123235
TARDBP	0.0585821438933
TAS1R3	0.0327958852205
TAS2R5	0.112785261639
TBCA	0.0202239403908
TBK1	0.0310870292827
TBP	0.0346559768214
TBX3	0.0536124775407
TBXA2R	0.0558214508479
TBXAS1	0.184591091643
TCF7L2	0.03724519829
TCHP	0.0242960885112
TCL1A	0.0283726352808
TCL1B	0.0329846808345
TCN2	0.0418225625582
TDO2	0.0254309365987
TECR	0.0187743596968
TERT	0.0471497907154
TES	0.0154258467723
TESPA1	0.0183219285478
TF	0.0875911545975
TFAM	0.0333333647705
TFCP2	0.0478285326927
TFF3	0.0308517344452
TFPI	0.0305140997862
TFRC	0.0352790160407
TGFA	0.03698450034
TGFB1	0.0586332268959
TGFB1I1	0.0340017202656
TGFB2	0.11567603725
TGFB3	0.0460929691659
TGFBR2	0.0367197189062
TGM1	0.0272355354753
TGM2	0.055059479542
TH	0.0507601037509
THBD	0.0618417416012
THBS1	0.0355662478237
THBS4	0.031112750941
THOP1	0.0421405445113
THPO	0.0341466597525
THRA	0.0589400592361
THUMPD2	0.0312184210877
TIA1	0.00858548326343
TIMP1	0.0756252577211
TIMP2	0.0693571290147
TIMP3	0.0553198256175
TKT	0.0388994446947
TLE1	0.11464112931
TLR2	0.0459386027859
TLR3	0.0268810213011
TLR4	0.045652060067
TLR6	0.0315778992824
TLR7	0.0270929382946
TLR9	0.0367306718959
TLX2	0.0271017032401
TMCC2	0.263444023562
TMED10	0.0676416887235
TMEFF2	0.0372371945457
TMEM106B	0.0891264788324
TMEM230	0.0325360918111
TMEM38B	0.0303160685609
TMEM50A	0.0202641665533
TMEM59	0.0216794582664
TMEM94	0.348163959496
TMSB4X	0.0487388977492
TMX1	0.0183777548961
TNC	0.0353103738822
TNF	0.124287454024
TNFAIP1	0.0175231707674
TNFAIP3	0.0265963327867
TNFRSF10A	0.0291500711317
TNFRSF11B	0.0437531831733
TNFRSF17	0.0162484212104
TNFRSF1A	0.0382627752165
TNFRSF1B	0.0367701436232
TNFRSF21	0.0395469786815
TNFRSF25	0.0248585486583
TNFRSF6B	0.0262658859573
TNFSF10	0.0364559212693
TNFSF11	0.0521038684132
TNFSF15	0.0251296660236
TNIK	0.0275413638303
TNNI3	0.0448683275155
TNNT1	0.0188849567668
TNNT2	0.0156031762834
TNRC6A	0.0250907592865
TNRC6C	0.0819268674099
TNS3	0.0499779532912
TOLLIP	0.0226625230082
TOMM40	0.363523958144
TOP1	0.0337136185017
TP53	0.0483490515025
TP53BP2	0.0344943242232
TP73	0.0391833538134
TPH2	0.026720346721
TPM1	0.0224028882149
TPO	0.0317552418697
TPPP	0.0514736294373
TPT1	0.0338645505181
TPX2	0.0178233744544
TRA2B	0.00967337369488
TRAPPC6A	0.0118414632502
TREM1	0.0454258759689
TREM2	0.354921946326
TREML1	0.0293678537751
TRERF1	0.0318655143826
TRH	0.0582292767815
TRHR	0.0433111319641
TRIB3	0.0344623631768
TRIM11	0.0262620644025
TRIM32	0.0190678484665
TRIM4	0.0201409134905
TRIM59	0.101198894213
TRIM63	0.0216858477606
TRIP4	0.118482354409
TRPA1	0.0273382796474
TRPC4AP	0.0390992901847
TRPC6	0.0448069672489
TRPM2	0.113014777845
TRPM7	0.0252174132137
TRPV1	0.397303503311
TRPV4	0.0361877300419
TSC1	0.0342227157959
TSC2	0.0409189123443
TSC22D3	0.0493631939893
TSHR	0.0581457471922
TSLP	0.0246805135298
TSPO	0.0372986618681
TTBK2	0.0111549163985
TTC3	0.0281677717122
TTR	0.0725377112023
TUBA4A	0.018857370992
TUBB4B	0.0138854675296
TUFM	0.00944335037371
TWSG1	0.0249770656878
TXN	0.055463785552
TXNDC9	0.0270348066866
TXNL4A	0.00743275713207
TYK2	0.0302157960351
TYMS	0.0233078791159
TYR	0.0363028419634
TYROBP	0.0531664794041
TYRP1	0.0827667257049
UBB	0.0321398668704
UBC	0.0303148053866
UBE2A	0.0281012594153
UBE2E2	0.0698783159506
UBE2I	0.0297190636238
UBE2K	0.0227445351738
UBE2L3	0.0290265260709
UBE3C	0.0110103787069
UBQLN1	0.0632302371028
UBQLN2	0.0225509620079
UBR4	0.02723631644
UBR5	0.0235414650882
UBTF	0.0217809634558
UBXN11	0.0889226898771
UBXN4	0.0376565263131
UCHL1	0.0419440865761
UCN	0.0363634993142
UCN2	0.0382152509342
UCN3	0.0364428768755
UCP1	0.111623069556
UCP2	0.0652760924419
UCP3	0.0635188836004
UGCG	0.0359221133327
UGT1A1	0.0248313763657
UGT1A10	0.103027565561
UGT1A8	0.103027565561
ULK2	0.033344930399
UNC5C	0.0454020370188
UNC5D	0.02457189958
UNG	0.0332896887786
UPF1	0.0111214491357
UQCRC1	0.026200860649
USF1	0.0422302818046
USP10	0.0895245661931
USP14	0.0217726086468
USP6NL	0.11655047998
USP9X	0.0262262605776
USP9Y	0.0267397716799
UTS2	0.0462445422712
UTS2B	0.0541377821344
UVRAG	0.0266774631449
VAC14	0.0163068166905
VAMP1	0.0786268718746
VAMP2	0.0195058272374
VAPA	0.0229296809093
VAV1	0.0333468886953
VAV2	0.0179526531826
VCAM1	0.0368713481858
VCP	0.0379277265124
VDAC1	0.0464804100401
VDAC2	0.0343801434515
VDR	0.290319325884
VEGFA	0.0666712141291
VEGFB	0.0530152627778
VIM	0.0334069066838
VIP	0.0660207116469
VLDLR	0.0548023820857
VPS13A	0.0326400940735
VPS35	0.0280162208621
VRK1	0.117042892055
VSNL1	0.250350215534
VTA1	0.0155291533213
VTN	0.0495880690141
VWF	0.0479800870587
WAC	0.0863392801869
WAS	0.0309588974533
WASF1	0.0356398725555
WDR41	0.0886510454963
WDR45	0.0096116484673
WDR7	0.0104722292622
WEE1	0.0564238160676
WIF1	0.0155984037799
WNK1	0.0284915250663
WNT10A	0.0113429478666
WNT2	0.0246260953663
WNT3	0.0866700125798
WRN	0.0957149476825
WT1	0.0329408040114
WWC1	0.0330186243026
WWOX	0.104431475131
WWTR1	0.0275635900688
XAB2	0.0304519745199
XBP1	0.0623878803018
XIAP	0.0282082500626
XPO5	0.0250100635905
XPR1	0.0373201343395
XRCC1	0.0354821998273
YAP1	0.0417074303475
YBX1	0.0230571994193
YWHAZ	0.0314694487021
YY1	0.0256439714741
ZAP70	0.112713241789
ZBTB4	0.025963613877
ZCCHC17	0.0160282803038
ZDHHC17	0.0307344943153
ZDHHC9	0.0131559489904
ZFHX3	0.0219809068328
ZFP36L1	0.0139740071063
ZHX2	0.0832035798684
ZYX	0.0370636156802